Wavelength (nm),266910 %T (Unpolarized),,,,,
300,1.91E-04,,,,,
300.5,1.37E-04,,,,,
301,8.19E-05,,,,,
301.5,2.74E-05,,,,,
302,-2.71E-05,,,,,
302.5,-1.64E-05,,,,,
303,-5.72E-06,,,,,
303.5,-1.46E-04,,,,,
304,-2.85E-04,,,,,
304.5,-8.97E-05,,,,,
305,1.06E-04,,,,,
305.5,1.16E-04,,,,,
306,1.26E-04,,,,,
306.5,1.86E-05,,,,,
307,-8.86E-05,,,,,
307.5,-5.27E-05,,,,,
308,-1.69E-05,,,,,
308.5,-6.11E-05,,,,,
309,-1.05E-04,,,,,
309.5,-1.25E-04,,,,,
310,-1.45E-04,,,,,
310.5,-1.44E-04,,,,,
311,-1.44E-04,,,,,
311.5,-4.53E-05,,,,,
312,5.35E-05,,,,,
312.5,2.51E-05,,,,,
313,-3.38E-06,,,,,
313.5,-1.13E-05,,,,,
314,-1.92E-05,,,,,
314.5,3.63E-05,,,,,
315,9.18E-05,,,,,
315.5,4.64E-05,,,,,
316,1.02E-06,,,,,
316.5,4.73E-06,,,,,
317,8.44E-06,,,,,
317.5,2.18E-05,,,,,
318,3.52E-05,,,,,
318.5,2.73E-05,,,,,
319,1.94E-05,,,,,
319.5,-1.44E-06,,,,,
320,-2.23E-05,,,,,
320.5,-4.86E-05,,,,,
321,-7.49E-05,,,,,
321.5,-1.05E-04,,,,,
322,-1.35E-04,,,,,
322.5,-4.45E-05,,,,,
323,4.55E-05,,,,,
323.5,1.83E-05,,,,,
324,-8.90E-06,,,,,
324.5,1.48E-05,,,,,
325,3.85E-05,,,,,
325.5,1.03E-05,,,,,
326,-1.78E-05,,,,,
326.5,1.50E-05,,,,,
327,4.79E-05,,,,,
327.5,9.63E-06,,,,,
328,-2.86E-05,,,,,
328.5,9.13E-06,,,,,
329,4.69E-05,,,,,
329.5,-1.81E-05,,,,,
330,-8.31E-05,,,,,
330.5,-3.43E-05,,,,,
331,1.45E-05,,,,,
331.5,4.57E-05,,,,,
332,7.69E-05,,,,,
332.5,5.67E-05,,,,,
333,3.64E-05,,,,,
333.5,-6.87E-06,,,,,
334,-5.02E-05,,,,,
334.5,-3.29E-05,,,,,
335,-1.57E-05,,,,,
335.5,-2.49E-05,,,,,
336,-3.41E-05,,,,,
336.5,-1.11E-05,,,,,
337,1.20E-05,,,,,
337.5,4.41E-05,,,,,
338,7.63E-05,,,,,
338.5,9.24E-05,,,,,
339,1.08E-04,,,,,
339.5,8.98E-05,,,,,
340,7.10E-05,,,,,
340.5,4.53E-05,,,,,
341,1.96E-05,,,,,
341.5,2.29E-05,,,,,
342,2.62E-05,,,,,
342.5,2.98E-05,,,,,
343,3.33E-05,,,,,
343.5,3.52E-05,,,,,
344,3.70E-05,,,,,
344.5,4.43E-05,,,,,
345,5.16E-05,,,,,
345.5,6.82E-06,,,,,
346,-3.79E-05,,,,,
346.5,-8.70E-06,,,,,
347,2.05E-05,,,,,
347.5,5.40E-05,,,,,
348,8.75E-05,,,,,
348.5,5.08E-05,,,,,
349,1.41E-05,,,,,
349.5,2.73E-05,,,,,
350,4.04E-05,,,,,
350.5,5.05E-05,,,,,
351,6.07E-05,,,,,
351.5,6.18E-05,,,,,
352,6.30E-05,,,,,
352.5,6.77E-05,,,,,
353,7.25E-05,,,,,
353.5,3.85E-05,,,,,
354,4.53E-06,,,,,
354.5,2.48E-05,,,,,
355,4.51E-05,,,,,
355.5,1.64E-05,,,,,
356,-1.22E-05,,,,,
356.5,-1.68E-05,,,,,
357,-2.14E-05,,,,,
357.5,-5.25E-06,,,,,
358,1.08E-05,,,,,
358.5,-5.48E-06,,,,,
359,-2.18E-05,,,,,
359.5,8.99E-06,,,,,
360,3.98E-05,,,,,
360.5,1.77E-05,,,,,
361,-4.33E-06,,,,,
361.5,2.12E-05,,,,,
362,4.67E-05,,,,,
362.5,3.69E-05,,,,,
363,2.71E-05,,,,,
363.5,5.67E-05,,,,,
364,8.63E-05,,,,,
364.5,3.90E-05,,,,,
365,-8.32E-06,,,,,
365.5,7.20E-06,,,,,
366,2.27E-05,,,,,
366.5,1.54E-05,,,,,
367,8.01E-06,,,,,
367.5,1.45E-05,,,,,
368,2.10E-05,,,,,
368.5,3.05E-05,,,,,
369,4.00E-05,,,,,
369.5,1.22E-05,,,,,
370,-1.57E-05,,,,,
370.5,8.72E-06,,,,,
371,3.31E-05,,,,,
371.5,4.01E-05,,,,,
372,4.71E-05,,,,,
372.5,8.20E-06,,,,,
373,-3.07E-05,,,,,
373.5,5.55E-06,,,,,
374,4.18E-05,,,,,
374.5,8.09E-05,,,,,
375,1.20E-04,,,,,
375.5,1.57E-04,,,,,
376,1.93E-04,,,,,
376.5,4.50E-04,,,,,
377,7.06E-04,,,,,
377.5,1.23E-03,,,,,
378,1.76E-03,,,,,
378.5,4.17E-03,,,,,
379,6.59E-03,,,,,
379.5,9.05E-03,,,,,
380,1.15E-02,,,,,
380.5,2.48E-02,,,,,
381,3.81E-02,,,,,
381.5,1.09E-01,,,,,
382,1.80E-01,,,,,
382.5,5.46E-01,,,,,
383,9.12E-01,,,,,
383.5,2.92E+00,,,,,
384,4.93E+00,,,,,
384.5,9.17E+00,,,,,
385,1.34E+01,,,,,
385.5,1.55E+01,,,,,
386,1.76E+01,,,,,
386.5,2.78E+01,,,,,
387,3.80E+01,,,,,
387.5,4.19E+01,,,,,
388,4.58E+01,,,,,
388.5,5.03E+01,,,,,
389,5.48E+01,,,,,
389.5,5.93E+01,,,,,
390,6.37E+01,,,,,
390.5,6.85E+01,,,,,
391,7.33E+01,,,,,
391.5,7.31E+01,,,,,
392,7.30E+01,,,,,
392.5,7.62E+01,,,,,
393,7.94E+01,,,,,
393.5,8.20E+01,,,,,
394,8.46E+01,,,,,
394.5,8.48E+01,,,,,
395,8.50E+01,,,,,
395.5,8.64E+01,,,,,
396,8.79E+01,,,,,
396.5,8.86E+01,,,,,
397,8.93E+01,,,,,
397.5,8.98E+01,,,,,
398,9.03E+01,,,,,
398.5,9.04E+01,,,,,
399,9.06E+01,,,,,
399.5,9.04E+01,,,,,
400,9.02E+01,,,,,
400.5,9.07E+01,,,,,
401,9.12E+01,,,,,
401.5,9.18E+01,,,,,
402,9.23E+01,,,,,
402.5,9.20E+01,,,,,
403,9.18E+01,,,,,
403.5,9.21E+01,,,,,
404,9.24E+01,,,,,
404.5,9.32E+01,,,,,
405,9.41E+01,,,,,
405.5,9.40E+01,,,,,
406,9.39E+01,,,,,
406.5,9.39E+01,,,,,
407,9.40E+01,,,,,
407.5,9.46E+01,,,,,
408,9.52E+01,,,,,
408.5,9.45E+01,,,,,
409,9.39E+01,,,,,
409.5,9.39E+01,,,,,
410,9.40E+01,,,,,
410.5,9.37E+01,,,,,
411,9.34E+01,,,,,
411.5,9.27E+01,,,,,
412,9.21E+01,,,,,
412.5,8.52E+01,,,,,
413,7.84E+01,,,,,
413.5,4.90E+01,,,,,
414,1.97E+01,,,,,
414.5,1.00E+01,,,,,
415,3.26E-01,,,,,
415.5,1.71E-01,,,,,
416,1.57E-02,,,,,
416.5,8.26E-03,,,,,
417,8.79E-04,,,,,
417.5,5.06E-04,,,,,
418,1.32E-04,,,,,
418.5,7.17E-05,,,,,
419,1.09E-05,,,,,
419.5,1.49E-05,,,,,
420,1.89E-05,,,,,
420.5,1.19E-05,,,,,
421,4.97E-06,,,,,
421.5,1.28E-05,,,,,
422,2.06E-05,,,,,
422.5,2.10E-05,,,,,
423,2.14E-05,,,,,
423.5,6.92E-06,,,,,
424,-7.53E-06,,,,,
424.5,3.51E-06,,,,,
425,1.45E-05,,,,,
425.5,2.43E-06,,,,,
426,-9.70E-06,,,,,
426.5,1.40E-05,,,,,
427,3.77E-05,,,,,
427.5,2.22E-05,,,,,
428,6.62E-06,,,,,
428.5,9.81E-06,,,,,
429,1.30E-05,,,,,
429.5,1.12E-07,,,,,
430,-1.28E-05,,,,,
430.5,-8.82E-06,,,,,
431,-4.87E-06,,,,,
431.5,8.32E-06,,,,,
432,2.15E-05,,,,,
432.5,1.31E-05,,,,,
433,4.74E-06,,,,,
433.5,4.96E-06,,,,,
434,5.19E-06,,,,,
434.5,5.97E-06,,,,,
435,6.74E-06,,,,,
435.5,-1.66E-06,,,,,
436,-1.01E-05,,,,,
436.5,3.36E-06,,,,,
437,1.68E-05,,,,,
437.5,8.43E-06,,,,,
438,7.66E-08,,,,,
438.5,3.44E-06,,,,,
439,6.81E-06,,,,,
439.5,1.59E-05,,,,,
440,2.51E-05,,,,,
440.5,1.30E-05,,,,,
441,9.27E-07,,,,,
441.5,6.97E-06,,,,,
442,1.30E-05,,,,,
442.5,2.05E-05,,,,,
443,2.81E-05,,,,,
443.5,2.30E-05,,,,,
444,1.80E-05,,,,,
444.5,8.81E-06,,,,,
445,-3.78E-07,,,,,
445.5,5.05E-06,,,,,
446,1.05E-05,,,,,
446.5,1.14E-05,,,,,
447,1.24E-05,,,,,
447.5,1.15E-05,,,,,
448,1.06E-05,,,,,
448.5,1.07E-05,,,,,
449,1.08E-05,,,,,
449.5,1.32E-05,,,,,
450,1.56E-05,,,,,
450.5,1.15E-05,,,,,
451,7.51E-06,,,,,
451.5,8.45E-06,,,,,
452,9.39E-06,,,,,
452.5,7.45E-06,,,,,
453,5.51E-06,,,,,
453.5,4.83E-06,,,,,
454,4.14E-06,,,,,
454.5,7.95E-06,,,,,
455,1.18E-05,,,,,
455.5,4.00E-06,,,,,
456,-3.77E-06,,,,,
456.5,-6.56E-07,,,,,
457,2.46E-06,,,,,
457.5,2.79E-06,,,,,
458,3.12E-06,,,,,
458.5,3.19E-06,,,,,
459,3.27E-06,,,,,
459.5,2.95E-06,,,,,
460,2.63E-06,,,,,
460.5,-4.06E-06,,,,,
461,-1.07E-05,,,,,
461.5,-1.36E-06,,,,,
462,8.02E-06,,,,,
462.5,8.78E-06,,,,,
463,9.54E-06,,,,,
463.5,1.31E-05,,,,,
464,1.68E-05,,,,,
464.5,1.40E-05,,,,,
465,1.12E-05,,,,,
465.5,6.15E-06,,,,,
466,1.06E-06,,,,,
466.5,-8.28E-09,,,,,
467,-1.08E-06,,,,,
467.5,5.34E-06,,,,,
468,1.18E-05,,,,,
468.5,5.45E-06,,,,,
469,-8.57E-07,,,,,
469.5,9.86E-06,,,,,
470,2.06E-05,,,,,
470.5,2.22E-05,,,,,
471,2.37E-05,,,,,
471.5,2.40E-05,,,,,
472,2.43E-05,,,,,
472.5,1.55E-05,,,,,
473,6.63E-06,,,,,
473.5,9.71E-06,,,,,
474,1.28E-05,,,,,
474.5,2.04E-05,,,,,
475,2.79E-05,,,,,
475.5,3.66E-05,,,,,
476,4.52E-05,,,,,
476.5,7.22E-05,,,,,
477,9.92E-05,,,,,
477.5,1.73E-04,,,,,
478,2.47E-04,,,,,
478.5,6.33E-04,,,,,
479,1.02E-03,,,,,
479.5,2.85E-03,,,,,
480,4.68E-03,,,,,
480.5,1.65E-02,,,,,
481,2.83E-02,,,,,
481.5,1.43E-01,,,,,
482,2.58E-01,,,,,
482.5,2.23E+00,,,,,
483,4.20E+00,,,,,
483.5,2.44E+01,,,,,
484,4.47E+01,,,,,
484.5,6.67E+01,,,,,
485,8.88E+01,,,,,
485.5,9.11E+01,,,,,
486,9.35E+01,,,,,
486.5,9.52E+01,,,,,
487,9.69E+01,,,,,
487.5,9.70E+01,,,,,
488,9.72E+01,,,,,
488.5,9.72E+01,,,,,
489,9.71E+01,,,,,
489.5,9.70E+01,,,,,
490,9.68E+01,,,,,
490.5,9.67E+01,,,,,
491,9.66E+01,,,,,
491.5,9.65E+01,,,,,
492,9.63E+01,,,,,
492.5,9.33E+01,,,,,
493,9.04E+01,,,,,
493.5,8.45E+01,,,,,
494,7.86E+01,,,,,
494.5,4.96E+01,,,,,
495,2.05E+01,,,,,
495.5,1.08E+01,,,,,
496,1.05E+00,,,,,
496.5,5.66E-01,,,,,
497,8.48E-02,,,,,
497.5,4.82E-02,,,,,
498,1.16E-02,,,,,
498.5,6.89E-03,,,,,
499,2.16E-03,,,,,
499.5,1.38E-03,,,,,
500,5.97E-04,,,,,
500.5,3.89E-04,,,,,
501,1.81E-04,,,,,
501.5,1.27E-04,,,,,
502,7.34E-05,,,,,
502.5,5.04E-05,,,,,
503,2.73E-05,,,,,
503.5,2.01E-05,,,,,
504,1.30E-05,,,,,
504.5,1.35E-05,,,,,
505,1.40E-05,,,,,
505.5,5.90E-06,,,,,
506,-2.19E-06,,,,,
506.5,1.91E-06,,,,,
507,6.01E-06,,,,,
507.5,4.08E-06,,,,,
508,2.15E-06,,,,,
508.5,9.21E-06,,,,,
509,1.63E-05,,,,,
509.5,1.84E-05,,,,,
510,2.05E-05,,,,,
510.5,1.49E-05,,,,,
511,9.37E-06,,,,,
511.5,8.25E-06,,,,,
512,7.13E-06,,,,,
512.5,8.89E-06,,,,,
513,1.07E-05,,,,,
513.5,1.25E-05,,,,,
514,1.43E-05,,,,,
514.5,3.65E-06,,,,,
515,-7.01E-06,,,,,
515.5,4.48E-06,,,,,
516,1.60E-05,,,,,
516.5,8.84E-06,,,,,
517,1.71E-06,,,,,
517.5,9.41E-06,,,,,
518,1.71E-05,,,,,
518.5,1.38E-05,,,,,
519,1.05E-05,,,,,
519.5,7.04E-06,,,,,
520,3.53E-06,,,,,
520.5,1.15E-05,,,,,
521,1.95E-05,,,,,
521.5,2.13E-05,,,,,
522,2.31E-05,,,,,
522.5,1.79E-05,,,,,
523,1.28E-05,,,,,
523.5,6.25E-06,,,,,
524,-2.85E-07,,,,,
524.5,2.78E-06,,,,,
525,5.84E-06,,,,,
525.5,7.60E-06,,,,,
526,9.36E-06,,,,,
526.5,5.30E-06,,,,,
527,1.24E-06,,,,,
527.5,4.83E-06,,,,,
528,8.42E-06,,,,,
528.5,9.43E-06,,,,,
529,1.04E-05,,,,,
529.5,1.05E-05,,,,,
530,1.05E-05,,,,,
530.5,1.14E-05,,,,,
531,1.24E-05,,,,,
531.5,2.94E-06,,,,,
532,-6.47E-06,,,,,
532.5,1.15E-07,,,,,
533,6.70E-06,,,,,
533.5,1.13E-05,,,,,
534,1.60E-05,,,,,
534.5,1.54E-05,,,,,
535,1.49E-05,,,,,
535.5,1.07E-05,,,,,
536,6.55E-06,,,,,
536.5,7.52E-06,,,,,
537,8.49E-06,,,,,
537.5,8.50E-06,,,,,
538,8.51E-06,,,,,
538.5,1.14E-05,,,,,
539,1.42E-05,,,,,
539.5,1.24E-05,,,,,
540,1.05E-05,,,,,
540.5,1.24E-05,,,,,
541,1.42E-05,,,,,
541.5,1.29E-05,,,,,
542,1.16E-05,,,,,
542.5,3.00E-05,,,,,
543,4.85E-05,,,,,
543.5,3.42E-05,,,,,
544,1.99E-05,,,,,
544.5,1.37E-05,,,,,
545,7.47E-06,,,,,
545.5,1.92E-05,,,,,
546,3.09E-05,,,,,
546.5,6.93E-05,,,,,
547,1.08E-04,,,,,
547.5,1.59E-04,,,,,
548,2.11E-04,,,,,
548.5,3.40E-04,,,,,
549,4.70E-04,,,,,
549.5,9.22E-04,,,,,
550,1.37E-03,,,,,
550.5,2.76E-03,,,,,
551,4.14E-03,,,,,
551.5,1.01E-02,,,,,
552,1.60E-02,,,,,
552.5,4.37E-02,,,,,
553,7.15E-02,,,,,
553.5,2.46E-01,,,,,
554,4.21E-01,,,,,
554.5,2.12E+00,,,,,
555,3.82E+00,,,,,
555.5,1.81E+01,,,,,
556,3.24E+01,,,,,
556.5,5.89E+01,,,,,
557,8.53E+01,,,,,
557.5,9.06E+01,,,,,
558,9.59E+01,,,,,
558.5,9.66E+01,,,,,
559,9.74E+01,,,,,
559.5,9.73E+01,,,,,
560,9.72E+01,,,,,
560.5,9.70E+01,,,,,
561,9.69E+01,,,,,
561.5,9.69E+01,,,,,
562,9.70E+01,,,,,
562.5,9.65E+01,,,,,
563,9.61E+01,,,,,
563.5,9.56E+01,,,,,
564,9.50E+01,,,,,
564.5,9.50E+01,,,,,
565,9.50E+01,,,,,
565.5,9.45E+01,,,,,
566,9.39E+01,,,,,
566.5,9.02E+01,,,,,
567,8.64E+01,,,,,
567.5,8.25E+01,,,,,
568,7.85E+01,,,,,
568.5,7.96E+01,,,,,
569,8.08E+01,,,,,
569.5,6.32E+01,,,,,
570,4.57E+01,,,,,
570.5,2.66E+01,,,,,
571,7.43E+00,,,,,
571.5,4.21E+00,,,,,
572,9.99E-01,,,,,
572.5,6.05E-01,,,,,
573,2.11E-01,,,,,
573.5,1.35E-01,,,,,
574,5.91E-02,,,,,
574.5,3.93E-02,,,,,
575,1.95E-02,,,,,
575.5,1.35E-02,,,,,
576,7.52E-03,,,,,
576.5,5.37E-03,,,,,
577,3.22E-03,,,,,
577.5,2.36E-03,,,,,
578,1.50E-03,,,,,
578.5,1.14E-03,,,,,
579,7.76E-04,,,,,
579.5,5.89E-04,,,,,
580,4.02E-04,,,,,
580.5,3.32E-04,,,,,
581,2.62E-04,,,,,
581.5,1.94E-04,,,,,
582,1.27E-04,,,,,
582.5,1.12E-04,,,,,
583,9.68E-05,,,,,
583.5,6.86E-05,,,,,
584,4.03E-05,,,,,
584.5,4.76E-05,,,,,
585,5.48E-05,,,,,
585.5,4.70E-05,,,,,
586,3.91E-05,,,,,
586.5,3.22E-05,,,,,
587,2.53E-05,,,,,
587.5,9.43E-06,,,,,
588,-6.44E-06,,,,,
588.5,2.22E-06,,,,,
589,1.09E-05,,,,,
589.5,1.43E-05,,,,,
590,1.76E-05,,,,,
590.5,-1.00E-06,,,,,
591,-1.96E-05,,,,,
591.5,4.00E-07,,,,,
592,2.04E-05,,,,,
592.5,1.70E-05,,,,,
593,1.36E-05,,,,,
593.5,9.40E-08,,,,,
594,-1.34E-05,,,,,
594.5,-3.81E-06,,,,,
595,5.82E-06,,,,,
595.5,-3.93E-06,,,,,
596,-1.37E-05,,,,,
596.5,6.69E-06,,,,,
597,2.70E-05,,,,,
597.5,2.01E-05,,,,,
598,1.31E-05,,,,,
598.5,1.24E-05,,,,,
599,1.17E-05,,,,,
599.5,-8.88E-07,,,,,
600,-1.35E-05,,,,,
600.5,-3.25E-06,,,,,
601,6.97E-06,,,,,
601.5,6.69E-06,,,,,
602,6.40E-06,,,,,
602.5,1.22E-05,,,,,
603,1.80E-05,,,,,
603.5,1.15E-05,,,,,
604,5.05E-06,,,,,
604.5,1.31E-05,,,,,
605,2.12E-05,,,,,
605.5,1.71E-05,,,,,
606,1.30E-05,,,,,
606.5,1.87E-05,,,,,
607,2.44E-05,,,,,
607.5,4.46E-05,,,,,
608,6.48E-05,,,,,
608.5,4.89E-05,,,,,
609,3.30E-05,,,,,
609.5,3.70E-05,,,,,
610,4.11E-05,,,,,
610.5,5.70E-05,,,,,
611,7.29E-05,,,,,
611.5,7.44E-05,,,,,
612,7.59E-05,,,,,
612.5,8.83E-05,,,,,
613,1.01E-04,,,,,
613.5,1.32E-04,,,,,
614,1.64E-04,,,,,
614.5,2.36E-04,,,,,
615,3.08E-04,,,,,
615.5,3.74E-04,,,,,
616,4.41E-04,,,,,
616.5,6.29E-04,,,,,
617,8.17E-04,,,,,
617.5,1.07E-03,,,,,
618,1.33E-03,,,,,
618.5,1.85E-03,,,,,
619,2.38E-03,,,,,
619.5,3.54E-03,,,,,
620,4.71E-03,,,,,
620.5,7.12E-03,,,,,
621,9.52E-03,,,,,
621.5,1.54E-02,,,,,
622,2.13E-02,,,,,
622.5,3.52E-02,,,,,
623,4.91E-02,,,,,
623.5,8.75E-02,,,,,
624,1.26E-01,,,,,
624.5,2.39E-01,,,,,
625,3.51E-01,,,,,
625.5,7.71E-01,,,,,
626,1.19E+00,,,,,
626.5,2.71E+00,,,,,
627,4.23E+00,,,,,
627.5,9.95E+00,,,,,
628,1.57E+01,,,,,
628.5,3.09E+01,,,,,
629,4.61E+01,,,,,
629.5,6.35E+01,,,,,
630,8.10E+01,,,,,
630.5,8.79E+01,,,,,
631,9.49E+01,,,,,
631.5,9.58E+01,,,,,
632,9.67E+01,,,,,
632.5,9.61E+01,,,,,
633,9.56E+01,,,,,
633.5,9.51E+01,,,,,
634,9.46E+01,,,,,
634.5,9.46E+01,,,,,
635,9.45E+01,,,,,
635.5,9.51E+01,,,,,
636,9.56E+01,,,,,
636.5,9.63E+01,,,,,
637,9.69E+01,,,,,
637.5,9.72E+01,,,,,
638,9.74E+01,,,,,
638.5,9.75E+01,,,,,
639,9.75E+01,,,,,
639.5,9.76E+01,,,,,
640,9.76E+01,,,,,
640.5,9.80E+01,,,,,
641,9.83E+01,,,,,
641.5,9.72E+01,,,,,
642,9.61E+01,,,,,
642.5,8.88E+01,,,,,
643,8.15E+01,,,,,
643.5,6.67E+01,,,,,
644,5.19E+01,,,,,
644.5,3.81E+01,,,,,
645,2.42E+01,,,,,
645.5,1.70E+01,,,,,
646,9.69E+00,,,,,
646.5,6.76E+00,,,,,
647,3.83E+00,,,,,
647.5,2.71E+00,,,,,
648,1.58E+00,,,,,
648.5,1.12E+00,,,,,
649,6.54E-01,,,,,
649.5,4.81E-01,,,,,
650,3.09E-01,,,,,
650.5,2.32E-01,,,,,
651,1.56E-01,,,,,
651.5,1.19E-01,,,,,
652,8.30E-02,,,,,
652.5,6.48E-02,,,,,
653,4.66E-02,,,,,
653.5,3.70E-02,,,,,
654,2.74E-02,,,,,
654.5,2.21E-02,,,,,
655,1.68E-02,,,,,
655.5,1.37E-02,,,,,
656,1.07E-02,,,,,
656.5,8.67E-03,,,,,
657,6.67E-03,,,,,
657.5,5.65E-03,,,,,
658,4.62E-03,,,,,
658.5,3.86E-03,,,,,
659,3.11E-03,,,,,
659.5,2.61E-03,,,,,
660,2.11E-03,,,,,
660.5,1.78E-03,,,,,
661,1.44E-03,,,,,
661.5,1.27E-03,,,,,
662,1.09E-03,,,,,
662.5,9.02E-04,,,,,
663,7.16E-04,,,,,
663.5,6.04E-04,,,,,
664,4.92E-04,,,,,
664.5,4.15E-04,,,,,
665,3.38E-04,,,,,
665.5,3.03E-04,,,,,
666,2.68E-04,,,,,
666.5,2.29E-04,,,,,
667,1.91E-04,,,,,
667.5,1.81E-04,,,,,
668,1.71E-04,,,,,
668.5,1.45E-04,,,,,
669,1.20E-04,,,,,
669.5,8.96E-05,,,,,
670,5.93E-05,,,,,
670.5,7.55E-05,,,,,
671,9.17E-05,,,,,
671.5,7.29E-05,,,,,
672,5.42E-05,,,,,
672.5,4.85E-05,,,,,
673,4.28E-05,,,,,
673.5,3.54E-05,,,,,
674,2.79E-05,,,,,
674.5,4.16E-05,,,,,
675,5.53E-05,,,,,
675.5,3.65E-05,,,,,
676,1.76E-05,,,,,
676.5,1.70E-05,,,,,
677,1.65E-05,,,,,
677.5,2.05E-05,,,,,
678,2.45E-05,,,,,
678.5,2.69E-05,,,,,
679,2.92E-05,,,,,
679.5,1.48E-05,,,,,
680,3.91E-07,,,,,
680.5,3.59E-06,,,,,
681,6.79E-06,,,,,
681.5,5.33E-06,,,,,
682,3.88E-06,,,,,
682.5,1.50E-05,,,,,
683,2.62E-05,,,,,
683.5,1.88E-05,,,,,
684,1.14E-05,,,,,
684.5,1.02E-05,,,,,
685,9.10E-06,,,,,
685.5,2.84E-05,,,,,
686,4.76E-05,,,,,
686.5,3.48E-05,,,,,
687,2.19E-05,,,,,
687.5,9.04E-06,,,,,
688,-3.85E-06,,,,,
688.5,-7.75E-07,,,,,
689,2.30E-06,,,,,
689.5,6.44E-06,,,,,
690,1.06E-05,,,,,
690.5,1.21E-05,,,,,
691,1.35E-05,,,,,
691.5,1.21E-05,,,,,
692,1.06E-05,,,,,
692.5,8.00E-07,,,,,
693,-9.01E-06,,,,,
693.5,4.00E-06,,,,,
694,1.70E-05,,,,,
694.5,6.22E-06,,,,,
695,-4.58E-06,,,,,
695.5,-2.08E-06,,,,,
696,4.11E-07,,,,,
696.5,4.74E-06,,,,,
697,9.06E-06,,,,,
697.5,4.39E-06,,,,,
698,-2.89E-07,,,,,
698.5,1.74E-05,,,,,
699,3.52E-05,,,,,
699.5,2.50E-05,,,,,
700,1.48E-05,,,,,
700.5,1.24E-05,,,,,
701,9.99E-06,,,,,
701.5,1.11E-05,,,,,
702,1.21E-05,,,,,
702.5,2.79E-05,,,,,
703,4.36E-05,,,,,
703.5,1.83E-05,,,,,
704,-7.07E-06,,,,,
704.5,2.93E-06,,,,,
705,1.29E-05,,,,,
705.5,6.44E-06,,,,,
706,-4.94E-08,,,,,
706.5,7.91E-06,,,,,
707,1.59E-05,,,,,
707.5,3.00E-06,,,,,
708,-9.88E-06,,,,,
708.5,-2.25E-05,,,,,
709,-3.51E-05,,,,,
709.5,-1.62E-05,,,,,
710,2.57E-06,,,,,
710.5,-9.34E-06,,,,,
711,-2.12E-05,,,,,
711.5,-3.72E-06,,,,,
712,1.38E-05,,,,,
712.5,1.36E-05,,,,,
713,1.33E-05,,,,,
713.5,5.09E-06,,,,,
714,-3.17E-06,,,,,
714.5,-1.51E-05,,,,,
715,-2.71E-05,,,,,
715.5,-1.46E-06,,,,,
716,2.42E-05,,,,,
716.5,1.66E-05,,,,,
717,9.09E-06,,,,,
717.5,1.48E-05,,,,,
718,2.04E-05,,,,,
718.5,4.04E-06,,,,,
719,-1.23E-05,,,,,
719.5,-8.89E-06,,,,,
720,-5.44E-06,,,,,
720.5,2.14E-06,,,,,
721,9.72E-06,,,,,
721.5,2.27E-06,,,,,
722,-5.19E-06,,,,,
722.5,6.70E-07,,,,,
723,6.53E-06,,,,,
723.5,8.26E-07,,,,,
724,-4.88E-06,,,,,
724.5,-2.14E-05,,,,,
725,-3.79E-05,,,,,
725.5,-8.32E-06,,,,,
726,2.13E-05,,,,,
726.5,1.41E-05,,,,,
727,6.91E-06,,,,,
727.5,2.03E-05,,,,,
728,3.37E-05,,,,,
728.5,3.80E-05,,,,,
729,4.24E-05,,,,,
729.5,3.53E-05,,,,,
730,2.82E-05,,,,,
730.5,9.38E-06,,,,,
731,-9.42E-06,,,,,
731.5,1.89E-05,,,,,
732,4.73E-05,,,,,
732.5,2.50E-05,,,,,
733,2.72E-06,,,,,
733.5,1.13E-05,,,,,
734,1.99E-05,,,,,
734.5,1.11E-05,,,,,
735,2.28E-06,,,,,
735.5,-1.49E-06,,,,,
736,-5.27E-06,,,,,
736.5,-6.68E-06,,,,,
737,-8.09E-06,,,,,
737.5,3.69E-06,,,,,
738,1.55E-05,,,,,
738.5,2.54E-05,,,,,
739,3.53E-05,,,,,
739.5,1.85E-05,,,,,
740,1.63E-06,,,,,
740.5,-1.51E-05,,,,,
741,-3.19E-05,,,,,
741.5,-1.64E-05,,,,,
742,-8.32E-07,,,,,
742.5,2.70E-05,,,,,
743,5.49E-05,,,,,
743.5,3.23E-05,,,,,
744,9.75E-06,,,,,
744.5,9.17E-06,,,,,
745,8.59E-06,,,,,
745.5,-9.89E-06,,,,,
746,-2.84E-05,,,,,
746.5,4.91E-07,,,,,
747,2.94E-05,,,,,
747.5,2.82E-05,,,,,
748,2.70E-05,,,,,
748.5,3.57E-05,,,,,
749,4.43E-05,,,,,
749.5,2.44E-05,,,,,
750,4.43E-06,,,,,
750.5,3.35E-05,,,,,
751,6.25E-05,,,,,
751.5,1.74E-05,,,,,
752,-2.76E-05,,,,,
752.5,1.71E-05,,,,,
753,6.19E-05,,,,,
753.5,2.87E-05,,,,,
754,-4.60E-06,,,,,
754.5,-5.75E-06,,,,,
755,-6.90E-06,,,,,
755.5,-1.75E-05,,,,,
756,-2.81E-05,,,,,
756.5,3.51E-05,,,,,
757,9.82E-05,,,,,
757.5,8.71E-05,,,,,
758,7.59E-05,,,,,
758.5,3.79E-05,,,,,
759,2.50E-08,,,,,
759.5,6.37E-05,,,,,
760,1.27E-04,,,,,
760.5,9.00E-05,,,,,
761,5.26E-05,,,,,
761.5,1.19E-05,,,,,
762,-2.88E-05,,,,,
762.5,-1.53E-05,,,,,
763,-1.68E-06,,,,,
763.5,-7.20E-07,,,,,
764,2.42E-07,,,,,
764.5,-3.61E-05,,,,,
765,-7.25E-05,,,,,
765.5,1.51E-05,,,,,
766,1.03E-04,,,,,
766.5,6.59E-05,,,,,
767,2.92E-05,,,,,
767.5,4.97E-06,,,,,
768,-1.93E-05,,,,,
768.5,7.82E-06,,,,,
769,3.49E-05,,,,,
769.5,3.01E-05,,,,,
770,2.52E-05,,,,,
770.5,6.19E-05,,,,,
771,9.86E-05,,,,,
771.5,4.05E-05,,,,,
772,-1.76E-05,,,,,
772.5,-3.39E-06,,,,,
773,1.08E-05,,,,,
773.5,3.82E-05,,,,,
774,6.56E-05,,,,,
774.5,9.41E-05,,,,,
775,1.23E-04,,,,,
775.5,7.26E-05,,,,,
776,2.26E-05,,,,,
776.5,-7.79E-06,,,,,
777,-3.82E-05,,,,,
777.5,-5.52E-05,,,,,
778,-7.22E-05,,,,,
778.5,-1.84E-05,,,,,
779,3.54E-05,,,,,
779.5,2.42E-05,,,,,
780,1.31E-05,,,,,
780.5,-1.82E-05,,,,,
781,-4.96E-05,,,,,
781.5,-2.66E-05,,,,,
782,-3.64E-06,,,,,
782.5,1.72E-05,,,,,
783,3.80E-05,,,,,
783.5,-2.37E-05,,,,,
784,-8.54E-05,,,,,
784.5,-5.95E-05,,,,,
785,-3.36E-05,,,,,
785.5,-2.35E-05,,,,,
786,-1.35E-05,,,,,
786.5,6.68E-05,,,,,
787,1.47E-04,,,,,
787.5,3.36E-05,,,,,
788,-7.99E-05,,,,,
788.5,-2.19E-06,,,,,
789,7.55E-05,,,,,
789.5,3.01E-05,,,,,
790,-1.53E-05,,,,,
790.5,1.80E-05,,,,,
791,5.13E-05,,,,,
791.5,8.85E-06,,,,,
792,-3.36E-05,,,,,
792.5,-3.68E-05,,,,,
793,-4.00E-05,,,,,
793.5,-9.36E-08,,,,,
794,3.98E-05,,,,,
794.5,4.54E-05,,,,,
795,5.10E-05,,,,,
795.5,1.01E-04,,,,,
796,1.52E-04,,,,,
796.5,3.64E-05,,,,,
797,-7.92E-05,,,,,
797.5,-2.84E-05,,,,,
798,2.25E-05,,,,,
798.5,8.94E-05,,,,,
799,1.56E-04,,,,,
799.5,1.30E-04,,,,,
800,1.05E-04,,,,,
800.5,1.51E-04,,,,,
801,1.97E-04,,,,,
801.5,2.43E-04,,,,,
802,2.90E-04,,,,,
802.5,2.33E-04,,,,,
803,1.77E-04,,,,,
803.5,1.76E-04,,,,,
804,1.74E-04,,,,,
804.5,1.69E-04,,,,,
805,1.64E-04,,,,,
805.5,1.55E-04,,,,,
806,1.46E-04,,,,,
806.5,1.32E-04,,,,,
807,1.17E-04,,,,,
807.5,1.50E-04,,,,,
808,1.83E-04,,,,,
808.5,1.65E-04,,,,,
809,1.46E-04,,,,,
809.5,1.49E-04,,,,,
810,1.51E-04,,,,,
810.5,1.98E-04,,,,,
811,2.45E-04,,,,,
811.5,2.58E-04,,,,,
812,2.72E-04,,,,,
812.5,1.92E-04,,,,,
813,1.12E-04,,,,,
813.5,1.26E-04,,,,,
814,1.40E-04,,,,,
814.5,1.32E-04,,,,,
815,1.24E-04,,,,,
815.5,1.38E-04,,,,,
816,1.52E-04,,,,,
816.5,1.46E-04,,,,,
817,1.40E-04,,,,,
817.5,1.53E-04,,,,,
818,1.67E-04,,,,,
818.5,1.45E-04,,,,,
819,1.23E-04,,,,,
819.5,1.49E-04,,,,,
820,1.76E-04,,,,,
820.5,1.69E-04,,,,,
821,1.61E-04,,,,,
821.5,1.36E-04,,,,,
822,1.11E-04,,,,,
822.5,1.11E-04,,,,,
823,1.10E-04,,,,,
823.5,1.02E-04,,,,,
824,9.35E-05,,,,,
824.5,1.19E-04,,,,,
825,1.44E-04,,,,,
825.5,9.75E-05,,,,,
826,5.15E-05,,,,,
826.5,1.04E-04,,,,,
827,1.56E-04,,,,,
827.5,1.27E-04,,,,,
828,9.84E-05,,,,,
828.5,9.61E-05,,,,,
829,9.38E-05,,,,,
829.5,1.07E-04,,,,,
830,1.20E-04,,,,,
830.5,1.09E-04,,,,,
831,9.92E-05,,,,,
831.5,1.14E-04,,,,,
832,1.29E-04,,,,,
832.5,1.32E-04,,,,,
833,1.35E-04,,,,,
833.5,1.47E-04,,,,,
834,1.60E-04,,,,,
834.5,1.53E-04,,,,,
835,1.47E-04,,,,,
835.5,1.58E-04,,,,,
836,1.69E-04,,,,,
836.5,1.43E-04,,,,,
837,1.18E-04,,,,,
837.5,1.28E-04,,,,,
838,1.38E-04,,,,,
838.5,1.38E-04,,,,,
839,1.38E-04,,,,,
839.5,1.28E-04,,,,,
840,1.19E-04,,,,,
840.5,1.22E-04,,,,,
841,1.26E-04,,,,,
841.5,1.40E-04,,,,,
842,1.55E-04,,,,,
842.5,1.33E-04,,,,,
843,1.11E-04,,,,,
843.5,1.59E-04,,,,,
844,2.07E-04,,,,,
844.5,2.08E-04,,,,,
845,2.09E-04,,,,,
845.5,2.15E-04,,,,,
846,2.21E-04,,,,,
846.5,2.41E-04,,,,,
847,2.61E-04,,,,,
847.5,3.01E-04,,,,,
848,3.41E-04,,,,,
848.5,3.54E-04,,,,,
849,3.66E-04,,,,,
849.5,3.96E-04,,,,,
850,4.25E-04,,,,,
850.5,4.25E-04,,,,,
851,4.25E-04,,,,,
851.5,4.28E-04,,,,,
852,4.32E-04,,,,,
852.5,4.41E-04,,,,,
853,4.50E-04,,,,,
853.5,4.54E-04,,,,,
854,4.57E-04,,,,,
854.5,4.32E-04,,,,,
855,4.07E-04,,,,,
855.5,3.81E-04,,,,,
856,3.56E-04,,,,,
856.5,3.46E-04,,,,,
857,3.36E-04,,,,,
857.5,3.12E-04,,,,,
858,2.88E-04,,,,,
858.5,2.74E-04,,,,,
859,2.59E-04,,,,,
859.5,2.55E-04,,,,,
860,2.51E-04,,,,,
860.5,2.93E-04,,,,,
861,3.34E-04,,,,,
861.5,3.58E-04,,,,,
862,3.82E-04,,,,,
862.5,4.17E-04,,,,,
863,4.51E-04,,,,,
863.5,5.08E-04,,,,,
864,5.64E-04,,,,,
864.5,5.97E-04,,,,,
865,6.31E-04,,,,,
865.5,6.79E-04,,,,,
866,7.27E-04,,,,,
866.5,7.80E-04,,,,,
867,8.33E-04,,,,,
867.5,8.96E-04,,,,,
868,9.59E-04,,,,,
868.5,1.01E-03,,,,,
869,1.06E-03,,,,,
869.5,1.08E-03,,,,,
870,1.10E-03,,,,,
870.5,1.06E-03,,,,,
871,1.02E-03,,,,,
871.5,9.86E-04,,,,,
872,9.53E-04,,,,,
872.5,9.05E-04,,,,,
873,8.56E-04,,,,,
873.5,8.08E-04,,,,,
874,7.60E-04,,,,,
874.5,7.00E-04,,,,,
875,6.40E-04,,,,,
875.5,5.86E-04,,,,,
876,5.31E-04,,,,,
876.5,4.65E-04,,,,,
877,3.99E-04,,,,,
877.5,3.56E-04,,,,,
878,3.13E-04,,,,,
878.5,2.99E-04,,,,,
879,2.85E-04,,,,,
879.5,2.32E-04,,,,,
880,1.79E-04,,,,,
880.5,1.78E-04,,,,,
881,1.78E-04,,,,,
881.5,1.61E-04,,,,,
882,1.45E-04,,,,,
882.5,1.46E-04,,,,,
883,1.48E-04,,,,,
883.5,1.31E-04,,,,,
884,1.15E-04,,,,,
884.5,1.05E-04,,,,,
885,9.54E-05,,,,,
885.5,1.10E-04,,,,,
886,1.24E-04,,,,,
886.5,1.31E-04,,,,,
887,1.38E-04,,,,,
887.5,1.43E-04,,,,,
888,1.47E-04,,,,,
888.5,1.33E-04,,,,,
889,1.18E-04,,,,,
889.5,1.34E-04,,,,,
890,1.49E-04,,,,,
890.5,1.49E-04,,,,,
891,1.49E-04,,,,,
891.5,1.62E-04,,,,,
892,1.75E-04,,,,,
892.5,1.57E-04,,,,,
893,1.40E-04,,,,,
893.5,1.36E-04,,,,,
894,1.32E-04,,,,,
894.5,1.29E-04,,,,,
895,1.26E-04,,,,,
895.5,1.28E-04,,,,,
896,1.29E-04,,,,,
896.5,1.18E-04,,,,,
897,1.07E-04,,,,,
897.5,1.01E-04,,,,,
898,9.47E-05,,,,,
898.5,9.20E-05,,,,,
899,8.93E-05,,,,,
899.5,1.09E-04,,,,,
900,1.30E-04,,,,,
900.5,8.91E-05,,,,,
901,4.85E-05,,,,,
901.5,4.98E-05,,,,,
902,5.10E-05,,,,,
902.5,4.70E-05,,,,,
903,4.29E-05,,,,,
903.5,4.28E-05,,,,,
904,4.26E-05,,,,,
904.5,5.64E-05,,,,,
905,7.03E-05,,,,,
905.5,6.23E-05,,,,,
906,5.43E-05,,,,,
906.5,6.40E-05,,,,,
907,7.38E-05,,,,,
907.5,6.41E-05,,,,,
908,5.44E-05,,,,,
908.5,5.98E-05,,,,,
909,6.53E-05,,,,,
909.5,6.58E-05,,,,,
910,6.63E-05,,,,,
910.5,6.99E-05,,,,,
911,7.35E-05,,,,,
911.5,6.88E-05,,,,,
912,6.41E-05,,,,,
912.5,6.53E-05,,,,,
913,6.65E-05,,,,,
913.5,7.39E-05,,,,,
914,8.13E-05,,,,,
914.5,6.22E-05,,,,,
915,4.30E-05,,,,,
915.5,5.75E-05,,,,,
916,7.20E-05,,,,,
916.5,8.09E-05,,,,,
917,8.97E-05,,,,,
917.5,8.33E-05,,,,,
918,7.68E-05,,,,,
918.5,6.87E-05,,,,,
919,6.06E-05,,,,,
919.5,7.48E-05,,,,,
920,8.89E-05,,,,,
920.5,7.65E-05,,,,,
921,6.40E-05,,,,,
921.5,6.27E-05,,,,,
922,6.13E-05,,,,,
922.5,7.09E-05,,,,,
923,8.04E-05,,,,,
923.5,7.51E-05,,,,,
924,6.98E-05,,,,,
924.5,7.75E-05,,,,,
925,8.53E-05,,,,,
925.5,6.48E-05,,,,,
926,4.42E-05,,,,,
926.5,6.45E-05,,,,,
927,8.48E-05,,,,,
927.5,6.41E-05,,,,,
928,4.34E-05,,,,,
928.5,4.21E-05,,,,,
929,4.07E-05,,,,,
929.5,3.99E-05,,,,,
930,3.90E-05,,,,,
930.5,6.60E-05,,,,,
931,9.30E-05,,,,,
931.5,6.04E-05,,,,,
932,2.79E-05,,,,,
932.5,2.88E-05,,,,,
933,2.97E-05,,,,,
933.5,2.79E-05,,,,,
934,2.61E-05,,,,,
934.5,5.58E-05,,,,,
935,8.54E-05,,,,,
935.5,9.69E-05,,,,,
936,1.08E-04,,,,,
936.5,7.43E-05,,,,,
937,4.02E-05,,,,,
937.5,4.26E-05,,,,,
938,4.49E-05,,,,,
938.5,4.57E-05,,,,,
939,4.65E-05,,,,,
939.5,5.00E-05,,,,,
940,5.35E-05,,,,,
940.5,8.11E-05,,,,,
941,1.09E-04,,,,,
941.5,8.64E-05,,,,,
942,6.41E-05,,,,,
942.5,6.56E-05,,,,,
943,6.71E-05,,,,,
943.5,5.64E-05,,,,,
944,4.57E-05,,,,,
944.5,5.15E-05,,,,,
945,5.73E-05,,,,,
945.5,6.69E-05,,,,,
946,7.64E-05,,,,,
946.5,7.84E-05,,,,,
947,8.04E-05,,,,,
947.5,9.46E-05,,,,,
948,1.09E-04,,,,,
948.5,1.12E-04,,,,,
949,1.15E-04,,,,,
949.5,1.13E-04,,,,,
950,1.11E-04,,,,,
950.5,1.15E-04,,,,,
951,1.18E-04,,,,,
951.5,1.24E-04,,,,,
952,1.29E-04,,,,,
952.5,1.45E-04,,,,,
953,1.61E-04,,,,,
953.5,1.44E-04,,,,,
954,1.27E-04,,,,,
954.5,1.22E-04,,,,,
955,1.17E-04,,,,,
955.5,9.43E-05,,,,,
956,7.21E-05,,,,,
956.5,6.61E-05,,,,,
957,6.00E-05,,,,,
957.5,7.97E-05,,,,,
958,9.93E-05,,,,,
958.5,9.53E-05,,,,,
959,9.12E-05,,,,,
959.5,1.17E-04,,,,,
960,1.42E-04,,,,,
960.5,9.96E-05,,,,,
961,5.71E-05,,,,,
961.5,8.00E-05,,,,,
962,1.03E-04,,,,,
962.5,1.00E-04,,,,,
963,9.75E-05,,,,,
963.5,8.15E-05,,,,,
964,6.55E-05,,,,,
964.5,9.75E-05,,,,,
965,1.30E-04,,,,,
965.5,1.10E-04,,,,,
966,9.04E-05,,,,,
966.5,9.83E-05,,,,,
967,1.06E-04,,,,,
967.5,8.77E-05,,,,,
968,6.92E-05,,,,,
968.5,7.83E-05,,,,,
969,8.74E-05,,,,,
969.5,1.04E-04,,,,,
970,1.20E-04,,,,,
970.5,1.70E-04,,,,,
971,2.20E-04,,,,,
971.5,2.01E-04,,,,,
972,1.81E-04,,,,,
972.5,2.38E-04,,,,,
973,2.94E-04,,,,,
973.5,3.76E-04,,,,,
974,4.57E-04,,,,,
974.5,6.97E-04,,,,,
975,9.37E-04,,,,,
975.5,1.48E-03,,,,,
976,2.01E-03,,,,,
976.5,2.88E-03,,,,,
977,3.76E-03,,,,,
977.5,4.45E-03,,,,,
978,5.15E-03,,,,,
978.5,5.11E-03,,,,,
979,5.07E-03,,,,,
979.5,4.42E-03,,,,,
980,3.76E-03,,,,,
980.5,3.02E-03,,,,,
981,2.27E-03,,,,,
981.5,1.84E-03,,,,,
982,1.41E-03,,,,,
982.5,1.23E-03,,,,,
983,1.05E-03,,,,,
983.5,9.90E-04,,,,,
984,9.24E-04,,,,,
984.5,8.81E-04,,,,,
985,8.37E-04,,,,,
985.5,8.75E-04,,,,,
986,9.14E-04,,,,,
986.5,9.48E-04,,,,,
987,9.82E-04,,,,,
987.5,1.03E-03,,,,,
988,1.07E-03,,,,,
988.5,1.19E-03,,,,,
989,1.31E-03,,,,,
989.5,1.42E-03,,,,,
990,1.54E-03,,,,,
990.5,1.66E-03,,,,,
991,1.79E-03,,,,,
991.5,1.80E-03,,,,,
992,1.81E-03,,,,,
992.5,1.73E-03,,,,,
993,1.65E-03,,,,,
993.5,1.49E-03,,,,,
994,1.34E-03,,,,,
994.5,1.19E-03,,,,,
995,1.05E-03,,,,,
995.5,9.03E-04,,,,,
996,7.59E-04,,,,,
996.5,6.66E-04,,,,,
997,5.73E-04,,,,,
997.5,5.13E-04,,,,,
998,4.52E-04,,,,,
998.5,4.12E-04,,,,,
999,3.71E-04,,,,,
999.5,3.27E-04,,,,,
1000,2.83E-04,,,,,
1000.5,2.86E-04,,,,,
1001,2.88E-04,,,,,
1001.5,2.47E-04,,,,,
1002,2.06E-04,,,,,
1002.5,2.33E-04,,,,,
1003,2.60E-04,,,,,
1003.5,2.30E-04,,,,,
1004,1.99E-04,,,,,
1004.5,2.04E-04,,,,,
1005,2.09E-04,,,,,
1005.5,1.86E-04,,,,,
1006,1.62E-04,,,,,
1006.5,1.86E-04,,,,,
1007,2.10E-04,,,,,
1007.5,2.39E-04,,,,,
1008,2.68E-04,,,,,
1008.5,2.33E-04,,,,,
1009,1.97E-04,,,,,
1009.5,2.05E-04,,,,,
1010,2.14E-04,,,,,
1010.5,2.08E-04,,,,,
1011,2.03E-04,,,,,
1011.5,2.38E-04,,,,,
1012,2.74E-04,,,,,
1012.5,2.57E-04,,,,,
1013,2.41E-04,,,,,
1013.5,2.58E-04,,,,,
1014,2.76E-04,,,,,
1014.5,2.91E-04,,,,,
1015,3.06E-04,,,,,
1015.5,3.07E-04,,,,,
1016,3.08E-04,,,,,
1016.5,3.78E-04,,,,,
1017,4.49E-04,,,,,
1017.5,4.83E-04,,,,,
1018,5.17E-04,,,,,
1018.5,5.81E-04,,,,,
1019,6.44E-04,,,,,
1019.5,7.41E-04,,,,,
1020,8.38E-04,,,,,
1020.5,9.78E-04,,,,,
1021,1.12E-03,,,,,
1021.5,1.29E-03,,,,,
1022,1.47E-03,,,,,
1022.5,1.69E-03,,,,,
1023,1.91E-03,,,,,
1023.5,2.15E-03,,,,,
1024,2.38E-03,,,,,
1024.5,2.55E-03,,,,,
1025,2.72E-03,,,,,
1025.5,2.74E-03,,,,,
1026,2.76E-03,,,,,
1026.5,2.66E-03,,,,,
1027,2.56E-03,,,,,
1027.5,2.40E-03,,,,,
1028,2.24E-03,,,,,
1028.5,2.07E-03,,,,,
1029,1.91E-03,,,,,
1029.5,1.78E-03,,,,,
1030,1.66E-03,,,,,
1030.5,1.55E-03,,,,,
1031,1.45E-03,,,,,
1031.5,1.37E-03,,,,,
1032,1.29E-03,,,,,
1032.5,1.24E-03,,,,,
1033,1.19E-03,,,,,
1033.5,1.17E-03,,,,,
1034,1.14E-03,,,,,
1034.5,1.13E-03,,,,,
1035,1.11E-03,,,,,
1035.5,1.14E-03,,,,,
1036,1.17E-03,,,,,
1036.5,1.21E-03,,,,,
1037,1.25E-03,,,,,
1037.5,1.25E-03,,,,,
1038,1.25E-03,,,,,
1038.5,1.32E-03,,,,,
1039,1.39E-03,,,,,
1039.5,1.50E-03,,,,,
1040,1.61E-03,,,,,
1040.5,1.70E-03,,,,,
1041,1.80E-03,,,,,
1041.5,2.00E-03,,,,,
1042,2.21E-03,,,,,
1042.5,2.46E-03,,,,,
1043,2.72E-03,,,,,
1043.5,3.15E-03,,,,,
1044,3.58E-03,,,,,
1044.5,4.16E-03,,,,,
1045,4.75E-03,,,,,
1045.5,5.61E-03,,,,,
1046,6.47E-03,,,,,
1046.5,7.48E-03,,,,,
1047,8.50E-03,,,,,
1047.5,9.43E-03,,,,,
1048,1.04E-02,,,,,
1048.5,1.08E-02,,,,,
1049,1.12E-02,,,,,
1049.5,1.08E-02,,,,,
1050,1.04E-02,,,,,
1050.5,9.47E-03,,,,,
1051,8.59E-03,,,,,
1051.5,7.61E-03,,,,,
1052,6.64E-03,,,,,
1052.5,5.87E-03,,,,,
1053,5.10E-03,,,,,
1053.5,4.54E-03,,,,,
1054,3.98E-03,,,,,
1054.5,3.60E-03,,,,,
1055,3.22E-03,,,,,
1055.5,2.96E-03,,,,,
1056,2.71E-03,,,,,
1056.5,2.52E-03,,,,,
1057,2.33E-03,,,,,
1057.5,2.18E-03,,,,,
1058,2.04E-03,,,,,
1058.5,1.97E-03,,,,,
1059,1.91E-03,,,,,
1059.5,1.82E-03,,,,,
1060,1.74E-03,,,,,
1060.5,1.72E-03,,,,,
1061,1.70E-03,,,,,
1061.5,1.65E-03,,,,,
1062,1.60E-03,,,,,
1062.5,1.60E-03,,,,,
1063,1.60E-03,,,,,
1063.5,1.61E-03,,,,,
1064,1.61E-03,,,,,
1064.5,1.66E-03,,,,,
1065,1.71E-03,,,,,
1065.5,1.73E-03,,,,,
1066,1.75E-03,,,,,
1066.5,1.82E-03,,,,,
1067,1.88E-03,,,,,
1067.5,1.97E-03,,,,,
1068,2.06E-03,,,,,
1068.5,2.16E-03,,,,,
1069,2.27E-03,,,,,
1069.5,2.38E-03,,,,,
1070,2.48E-03,,,,,
1070.5,2.64E-03,,,,,
1071,2.80E-03,,,,,
1071.5,3.01E-03,,,,,
1072,3.23E-03,,,,,
1072.5,3.53E-03,,,,,
1073,3.83E-03,,,,,
1073.5,4.20E-03,,,,,
1074,4.56E-03,,,,,
1074.5,5.02E-03,,,,,
1075,5.47E-03,,,,,
1075.5,6.09E-03,,,,,
1076,6.71E-03,,,,,
1076.5,7.41E-03,,,,,
1077,8.12E-03,,,,,
1077.5,8.93E-03,,,,,
1078,9.75E-03,,,,,
1078.5,1.06E-02,,,,,
1079,1.15E-02,,,,,
1079.5,1.21E-02,,,,,
1080,1.28E-02,,,,,
1080.5,1.32E-02,,,,,
1081,1.36E-02,,,,,
1081.5,1.36E-02,,,,,
1082,1.37E-02,,,,,
1082.5,1.34E-02,,,,,
1083,1.31E-02,,,,,
1083.5,1.27E-02,,,,,
1084,1.22E-02,,,,,
1084.5,1.17E-02,,,,,
1085,1.11E-02,,,,,
1085.5,1.06E-02,,,,,
1086,1.00E-02,,,,,
1086.5,9.55E-03,,,,,
1087,9.08E-03,,,,,
1087.5,8.72E-03,,,,,
1088,8.36E-03,,,,,
1088.5,8.04E-03,,,,,
1089,7.73E-03,,,,,
1089.5,7.53E-03,,,,,
1090,7.32E-03,,,,,
1090.5,7.15E-03,,,,,
1091,6.98E-03,,,,,
1091.5,6.87E-03,,,,,
1092,6.76E-03,,,,,
1092.5,6.72E-03,,,,,
1093,6.68E-03,,,,,
1093.5,6.70E-03,,,,,
1094,6.71E-03,,,,,
1094.5,6.76E-03,,,,,
1095,6.82E-03,,,,,
1095.5,6.92E-03,,,,,
1096,7.02E-03,,,,,
1096.5,7.19E-03,,,,,
1097,7.36E-03,,,,,
1097.5,7.58E-03,,,,,
1098,7.79E-03,,,,,
1098.5,8.11E-03,,,,,
1099,8.42E-03,,,,,
1099.5,8.81E-03,,,,,
1100,9.20E-03,,,,,
1100.5,9.71E-03,,,,,
1101,1.02E-02,,,,,
1101.5,1.09E-02,,,,,
1102,1.15E-02,,,,,
1102.5,1.24E-02,,,,,
1103,1.32E-02,,,,,
1103.5,1.43E-02,,,,,
1104,1.53E-02,,,,,
1104.5,1.68E-02,,,,,
1105,1.82E-02,,,,,
1105.5,2.00E-02,,,,,
1106,2.19E-02,,,,,
1106.5,2.44E-02,,,,,
1107,2.69E-02,,,,,
1107.5,3.02E-02,,,,,
1108,3.36E-02,,,,,
1108.5,3.81E-02,,,,,
1109,4.27E-02,,,,,
1109.5,4.89E-02,,,,,
1110,5.52E-02,,,,,
1110.5,6.36E-02,,,,,
1111,7.20E-02,,,,,
1111.5,8.29E-02,,,,,
1112,9.37E-02,,,,,
1112.5,1.07E-01,,,,,
1113,1.20E-01,,,,,
1113.5,1.34E-01,,,,,
1114,1.47E-01,,,,,
1114.5,1.59E-01,,,,,
1115,1.70E-01,,,,,
1115.5,1.76E-01,,,,,
1116,1.82E-01,,,,,
1116.5,1.82E-01,,,,,
1117,1.82E-01,,,,,
1117.5,1.77E-01,,,,,
1118,1.73E-01,,,,,
1118.5,1.65E-01,,,,,
1119,1.58E-01,,,,,
1119.5,1.51E-01,,,,,
1120,1.43E-01,,,,,
1120.5,1.37E-01,,,,,
1121,1.30E-01,,,,,
1121.5,1.25E-01,,,,,
1122,1.20E-01,,,,,
1122.5,1.16E-01,,,,,
1123,1.12E-01,,,,,
1123.5,1.09E-01,,,,,
1124,1.06E-01,,,,,
1124.5,1.05E-01,,,,,
1125,1.03E-01,,,,,
1125.5,1.03E-01,,,,,
1126,1.02E-01,,,,,
1126.5,1.02E-01,,,,,
1127,1.03E-01,,,,,
1127.5,1.04E-01,,,,,
1128,1.05E-01,,,,,
1128.5,1.08E-01,,,,,
1129,1.10E-01,,,,,
1129.5,1.13E-01,,,,,
1130,1.17E-01,,,,,
1130.5,1.21E-01,,,,,
1131,1.26E-01,,,,,
1131.5,1.32E-01,,,,,
1132,1.38E-01,,,,,
1132.5,1.46E-01,,,,,
1133,1.53E-01,,,,,
1133.5,1.64E-01,,,,,
1134,1.74E-01,,,,,
1134.5,1.88E-01,,,,,
1135,2.01E-01,,,,,
1135.5,2.19E-01,,,,,
1136,2.36E-01,,,,,
1136.5,2.58E-01,,,,,
1137,2.80E-01,,,,,
1137.5,3.09E-01,,,,,
1138,3.39E-01,,,,,
1138.5,3.76E-01,,,,,
1139,4.14E-01,,,,,
1139.5,4.65E-01,,,,,
1140,5.15E-01,,,,,
1140.5,5.80E-01,,,,,
1141,6.44E-01,,,,,
1141.5,7.23E-01,,,,,
1142,8.01E-01,,,,,
1142.5,8.94E-01,,,,,
1143,9.86E-01,,,,,
1143.5,1.13E+00,,,,,
1144,1.27E+00,,,,,
1144.5,1.35E+00,,,,,
1145,1.43E+00,,,,,
1145.5,1.52E+00,,,,,
1146,1.61E+00,,,,,
1146.5,1.62E+00,,,,,
1147,1.64E+00,,,,,
1147.5,1.63E+00,,,,,
1148,1.62E+00,,,,,
1148.5,1.60E+00,,,,,
1149,1.58E+00,,,,,
1149.5,1.51E+00,,,,,
1150,1.43E+00,,,,,
1150.5,1.41E+00,,,,,
1151,1.39E+00,,,,,
1151.5,1.35E+00,,,,,
1152,1.31E+00,,,,,
1152.5,1.26E+00,,,,,
1153,1.20E+00,,,,,
1153.5,1.21E+00,,,,,
1154,1.21E+00,,,,,
1154.5,1.20E+00,,,,,
1155,1.19E+00,,,,,
1155.5,1.16E+00,,,,,
1156,1.14E+00,,,,,
1156.5,1.17E+00,,,,,
1157,1.20E+00,,,,,
1157.5,1.23E+00,,,,,
1158,1.27E+00,,,,,
1158.5,1.26E+00,,,,,
1159,1.26E+00,,,,,
1159.5,1.31E+00,,,,,
1160,1.35E+00,,,,,
1160.5,1.45E+00,,,,,
1161,1.55E+00,,,,,
1161.5,1.61E+00,,,,,
1162,1.67E+00,,,,,
1162.5,1.73E+00,,,,,
1163,1.79E+00,,,,,
1163.5,1.96E+00,,,,,
1164,2.12E+00,,,,,
1164.5,2.33E+00,,,,,
1165,2.55E+00,,,,,
1165.5,2.73E+00,,,,,
1166,2.90E+00,,,,,
1166.5,3.16E+00,,,,,
1167,3.41E+00,,,,,
1167.5,3.92E+00,,,,,
1168,4.42E+00,,,,,
1168.5,5.03E+00,,,,,
1169,5.63E+00,,,,,
1169.5,6.32E+00,,,,,
1170,7.01E+00,,,,,
1170.5,8.07E+00,,,,,
1171,9.13E+00,,,,,
1171.5,1.09E+01,,,,,
1172,1.27E+01,,,,,
1172.5,1.52E+01,,,,,
1173,1.77E+01,,,,,
1173.5,2.09E+01,,,,,
1174,2.40E+01,,,,,
1174.5,2.84E+01,,,,,
1175,3.29E+01,,,,,
1175.5,3.89E+01,,,,,
1176,4.50E+01,,,,,
1176.5,5.01E+01,,,,,
1177,5.52E+01,,,,,
1177.5,5.77E+01,,,,,
1178,6.02E+01,,,,,
1178.5,6.10E+01,,,,,
1179,6.18E+01,,,,,
1179.5,5.99E+01,,,,,
1180,5.80E+01,,,,,
1180.5,5.51E+01,,,,,
1181,5.22E+01,,,,,
1181.5,5.00E+01,,,,,
1182,4.79E+01,,,,,
1182.5,4.66E+01,,,,,
1183,4.54E+01,,,,,
1183.5,4.41E+01,,,,,
1184,4.28E+01,,,,,
1184.5,4.17E+01,,,,,
1185,4.07E+01,,,,,
1185.5,4.08E+01,,,,,
1186,4.08E+01,,,,,
1186.5,4.17E+01,,,,,
1187,4.25E+01,,,,,
1187.5,4.35E+01,,,,,
1188,4.44E+01,,,,,
1188.5,4.53E+01,,,,,
1189,4.61E+01,,,,,
1189.5,4.69E+01,,,,,
1190,4.77E+01,,,,,
1190.5,5.01E+01,,,,,
1191,5.25E+01,,,,,
1191.5,5.44E+01,,,,,
1192,5.64E+01,,,,,
1192.5,5.82E+01,,,,,
1193,6.00E+01,,,,,
1193.5,6.07E+01,,,,,
1194,6.14E+01,,,,,
1194.5,6.10E+01,,,,,
1195,6.05E+01,,,,,
1195.5,6.13E+01,,,,,
1196,6.22E+01,,,,,
1196.5,6.04E+01,,,,,
1197,5.86E+01,,,,,
1197.5,5.70E+01,,,,,
1198,5.53E+01,,,,,
1198.5,5.28E+01,,,,,
1199,5.03E+01,,,,,
1199.5,4.80E+01,,,,,
1200,4.56E+01,,,,,
